QuoteLineItemActionType,ProductFamily,DerivedLineItemTag,ProductClassification,ConfigurationKey,ReadOnlyFields,RequiredFields,HiddenFields
Amend,Digital,Static Simple Product,Digital Non Media,sidepanel-lineitemdetails,,,"QuoteLineItem.DiscountAmount, QuoteLineItem.Discount, AdQuoteLine.AdServerFees, AdQuoteLine.RevisedPrice"
Amend,Digital,Static Bundled Product,Digital Non Media,sidepanel-lineitemdetails,,,"QuoteLineItem.DiscountAmount, QuoteLineItem.Discount, AdQuoteLine.AdServerFees, AdQuoteLine.RevisedPrice"
Amend,Digital,Static Child Simple Product,Digital Non Media,sidepanel-lineitemdetails,,,"QuoteLineItem.DiscountAmount, QuoteLineItem.Discount, AdQuoteLine.AdServerFees, AdQuoteLine.RevisedPrice"
Amend,Digital,Static Child Bundled Product,Digital Non Media,sidepanel-lineitemdetails,,,"QuoteLineItem.DiscountAmount, QuoteLineItem.Discount, AdQuoteLine.AdServerFees, AdQuoteLine.RevisedPrice"
Amend,Digital,Static Grandchild Simple Product,Digital Non Media,sidepanel-lineitemdetails,,,"QuoteLineItem.DiscountAmount, QuoteLineItem.Discount, AdQuoteLine.AdServerFees, AdQuoteLine.RevisedPrice"
Amend,Digital,Configurable Simple Product,Digital Non Media,sidepanel-lineitemdetails,,,"QuoteLineItem.DiscountAmount, QuoteLineItem.Discount, AdQuoteLine.AdServerFees, AdQuoteLine.RevisedPrice"
Amend,Digital,Configurable Bundled Product,Digital Non Media,sidepanel-lineitemdetails,,,"QuoteLineItem.DiscountAmount, QuoteLineItem.Discount, AdQuoteLine.AdServerFees, AdQuoteLine.RevisedPrice"
Amend,Digital,Configurable Child Simple Product,Digital Non Media,sidepanel-lineitemdetails,,,"QuoteLineItem.DiscountAmount, QuoteLineItem.Discount, AdQuoteLine.AdServerFees, AdQuoteLine.RevisedPrice"
Amend,Digital,Configurable Child Bundled Product,Digital Non Media,sidepanel-lineitemdetails,,,"QuoteLineItem.DiscountAmount, QuoteLineItem.Discount, AdQuoteLine.AdServerFees, AdQuoteLine.RevisedPrice"
Amend,Digital,Configurable Grandchild Simple Product,Digital Non Media,sidepanel-lineitemdetails,,,"QuoteLineItem.DiscountAmount, QuoteLineItem.Discount, AdQuoteLine.AdServerFees, AdQuoteLine.RevisedPrice"
No Change,Digital,Static Simple Product,Digital Non Media,sidepanel-lineitemdetails,,,"QuoteLineItem.DiscountAmount, QuoteLineItem.Discount, AdQuoteLine.AdServerFees, AdQuoteLine.RevisedPrice"
No Change,Digital,Static Bundled Product,Digital Non Media,sidepanel-lineitemdetails,,,"QuoteLineItem.DiscountAmount, QuoteLineItem.Discount, AdQuoteLine.AdServerFees, AdQuoteLine.RevisedPrice"
No Change,Digital,Static Child Simple Product,Digital Non Media,sidepanel-lineitemdetails,,,"QuoteLineItem.DiscountAmount, QuoteLineItem.Discount, AdQuoteLine.AdServerFees, AdQuoteLine.RevisedPrice"
No Change,Digital,Static Child Bundled Product,Digital Non Media,sidepanel-lineitemdetails,,,"QuoteLineItem.DiscountAmount, QuoteLineItem.Discount, AdQuoteLine.AdServerFees, AdQuoteLine.RevisedPrice"
No Change,Digital,Static Grandchild Simple Product,Digital Non Media,sidepanel-lineitemdetails,,,"QuoteLineItem.DiscountAmount, QuoteLineItem.Discount, AdQuoteLine.AdServerFees, AdQuoteLine.RevisedPrice"
No Change,Digital,Configurable Simple Product,Digital Non Media,sidepanel-lineitemdetails,,,"QuoteLineItem.DiscountAmount, QuoteLineItem.Discount, AdQuoteLine.AdServerFees, AdQuoteLine.RevisedPrice"
No Change,Digital,Configurable Bundled Product,Digital Non Media,sidepanel-lineitemdetails,,,"QuoteLineItem.DiscountAmount, QuoteLineItem.Discount, AdQuoteLine.AdServerFees, AdQuoteLine.RevisedPrice"
No Change,Digital,Configurable Child Simple Product,Digital Non Media,sidepanel-lineitemdetails,,,"QuoteLineItem.DiscountAmount, QuoteLineItem.Discount, AdQuoteLine.AdServerFees, AdQuoteLine.RevisedPrice"
No Change,Digital,Configurable Child Bundled Product,Digital Non Media,sidepanel-lineitemdetails,,,"QuoteLineItem.DiscountAmount, QuoteLineItem.Discount, AdQuoteLine.AdServerFees, AdQuoteLine.RevisedPrice"
No Change,Digital,Configurable Grandchild Simple Product,Digital Non Media,sidepanel-lineitemdetails,,,"QuoteLineItem.DiscountAmount, QuoteLineItem.Discount, AdQuoteLine.AdServerFees, AdQuoteLine.RevisedPrice"
,Digital,Static Simple Product,Digital Non Media,sidepanel-lineitemdetails,,,"QuoteLineItem.DiscountAmount, QuoteLineItem.Discount, AdQuoteLine.AdServerFees, AdQuoteLine.RevisedPrice"
,Digital,Static Bundled Product,Digital Non Media,sidepanel-lineitemdetails,,,"QuoteLineItem.DiscountAmount, QuoteLineItem.Discount, AdQuoteLine.AdServerFees, AdQuoteLine.RevisedPrice"
,Digital,Static Child Simple Product,Digital Non Media,sidepanel-lineitemdetails,,,"QuoteLineItem.DiscountAmount, QuoteLineItem.Discount, AdQuoteLine.AdServerFees, AdQuoteLine.RevisedPrice"
,Digital,Static Child Bundled Product,Digital Non Media,sidepanel-lineitemdetails,,,"QuoteLineItem.DiscountAmount, QuoteLineItem.Discount, AdQuoteLine.AdServerFees, AdQuoteLine.RevisedPrice"
,Digital,Static Grandchild Simple Product,Digital Non Media,sidepanel-lineitemdetails,,,"QuoteLineItem.DiscountAmount, QuoteLineItem.Discount, AdQuoteLine.AdServerFees, AdQuoteLine.RevisedPrice"
,Digital,Configurable Simple Product,Digital Non Media,sidepanel-lineitemdetails,,,"QuoteLineItem.DiscountAmount, QuoteLineItem.Discount, AdQuoteLine.AdServerFees, AdQuoteLine.RevisedPrice"
,Digital,Configurable Bundled Product,Digital Non Media,sidepanel-lineitemdetails,,,"QuoteLineItem.DiscountAmount, QuoteLineItem.Discount, AdQuoteLine.AdServerFees, AdQuoteLine.RevisedPrice"
,Digital,Configurable Child Simple Product,Digital Non Media,sidepanel-lineitemdetails,,,"QuoteLineItem.DiscountAmount, QuoteLineItem.Discount, AdQuoteLine.AdServerFees, AdQuoteLine.RevisedPrice"
,Digital,Configurable Child Bundled Product,Digital Non Media,sidepanel-lineitemdetails,,,"QuoteLineItem.DiscountAmount, QuoteLineItem.Discount, AdQuoteLine.AdServerFees, AdQuoteLine.RevisedPrice"
,Digital,Configurable Grandchild Simple Product,Digital Non Media,sidepanel-lineitemdetails,,,"QuoteLineItem.DiscountAmount, QuoteLineItem.Discount, AdQuoteLine.AdServerFees, AdQuoteLine.RevisedPrice"