QuoteLineItemActionType,ProductFamily,DerivedLineItemTag,ProductClassification,ApplicableActions,ApplicableTabs
Amend,Digital,Static Simple Product,Digital Non Media,"edit, clone, delete","lineitemdetails, attributes"
Amend,Digital,Static Bundled Product,Digital Non Media,"edit, clone, delete","lineitemdetails, bundles"
Amend,Digital,Static Child Simple Product,Digital Non Media,edit,"lineitemdetails, attributes"
Amend,Digital,Static Child Bundled Product,Digital Non Media,edit,"lineitemdetails, bundles"
Amend,Digital,Static Grandchild Simple Product,Digital Non Media,edit,"lineitemdetails, attributes"
Amend,Digital,Configurable Simple Product,Digital Non Media,"edit, clone, delete","lineitemdetails, attributes"
Amend,Digital,Configurable Bundled Product,Digital Non Media,"edit, clone, delete","lineitemdetails, bundles"
Amend,Digital,Configurable Child Simple Product,Digital Non Media,edit,"lineitemdetails, attributes"
Amend,Digital,Configurable Child Bundled Product,Digital Non Media,edit,"lineitemdetails, bundles"
Amend,Digital,Configurable Grandchild Simple Product,Digital Non Media,edit,"lineitemdetails, attributes"
No Change,Digital,Static Simple Product,Digital Non Media,"edit, clone, delete","lineitemdetails, attributes"
No Change,Digital,Static Bundled Product,Digital Non Media,"edit, clone, delete","lineitemdetails, bundles"
No Change,Digital,Static Child Simple Product,Digital Non Media,edit,"lineitemdetails, attributes"
No Change,Digital,Static Child Bundled Product,Digital Non Media,edit,"lineitemdetails, bundles"
No Change,Digital,Static Grandchild Simple Product,Digital Non Media,edit,"lineitemdetails, attributes"
No Change,Digital,Configurable Simple Product,Digital Non Media,"edit, clone, delete","lineitemdetails, attributes"
No Change,Digital,Configurable Bundled Product,Digital Non Media,"edit, clone, delete","lineitemdetails, bundles"
No Change,Digital,Configurable Child Simple Product,Digital Non Media,edit,"lineitemdetails, attributes"
No Change,Digital,Configurable Child Bundled Product,Digital Non Media,edit,"lineitemdetails, bundles"
No Change,Digital,Configurable Grandchild Simple Product,Digital Non Media,edit,"lineitemdetails, attributes"
,Digital,Static Simple Product,Digital Non Media,"edit, clone, delete","lineitemdetails, attributes"
,Digital,Static Bundled Product,Digital Non Media,"edit, clone, delete","lineitemdetails, bundles"
,Digital,Static Child Simple Product,Digital Non Media,edit,"lineitemdetails, attributes"
,Digital,Static Child Bundled Product,Digital Non Media,edit,"lineitemdetails, bundles"
,Digital,Static Grandchild Simple Product,Digital Non Media,edit,"lineitemdetails, attributes"
,Digital,Configurable Simple Product,Digital Non Media,"edit, clone, delete","lineitemdetails, attributes"
,Digital,Configurable Bundled Product,Digital Non Media,"edit, clone, delete","lineitemdetails, bundles"
,Digital,Configurable Child Simple Product,Digital Non Media,edit,"lineitemdetails, attributes"
,Digital,Configurable Child Bundled Product,Digital Non Media,edit,"lineitemdetails, bundles"
,Digital,Configurable Grandchild Simple Product,Digital Non Media,edit,"lineitemdetails, attributes"
ALL,ALL,Static Simple Product,ALL,"edit, clone, delete","lineitemdetails, attributes, delivery, creatives, targeting"
ALL,ALL,Static Bundled Product,ALL,"edit, clone, delete","lineitemdetails, bundles"
ALL,ALL,Static Child Simple Product,ALL,edit,"lineitemdetails, attributes, delivery, creatives, targeting"
ALL,ALL,Static Child Bundled Product,ALL,edit,"lineitemdetails, attributes, delivery, creatives, targeting"
ALL,ALL,Static Grandchild Simple Product,ALL,edit,"lineitemdetails, attributes, delivery, creatives, targeting"
ALL,ALL,Configurable Simple Product,ALL,"edit, clone, delete","lineitemdetails, attributes, delivery, creatives, targeting"
ALL,ALL,Configurable Bundled Product,ALL,"edit, clone, delete","lineitemdetails, bundles"
ALL,ALL,Configurable Child Simple Product,ALL,edit,"lineitemdetails, attributes, delivery, creatives, targeting"
ALL,ALL,Configurable Child Bundled Product,ALL,edit,"lineitemdetails, attributes, delivery, creatives, targeting"
ALL,ALL,Configurable Grandchild Simple Product,ALL,"edit, clone, delete","lineitemdetails, bundles"